Metric,Value
design__lint_error__count,0
design__lint_timing_construct__count,0
design__lint_warning__count,48
design__inferred_latch__count,0
design__instance__count,6
design__instance_unmapped__count,0
synthesis__check_error__count,0
design__max_slew_violation__count__corner:nom_tt_025C_1v80,0
design__max_fanout_violation__count__corner:nom_tt_025C_1v80,73
design__max_cap_violation__count__corner:nom_tt_025C_1v80,0
power__internal__total,0.0008981385617516935
power__switching__total,0.00045269852853380144
power__leakage__total,3.2983233921868305E-8
power__total,0.0013508700067177415
clock__skew__worst_hold__corner:nom_tt_025C_1v80,-2.144273264085761
clock__skew__worst_setup__corner:nom_tt_025C_1v80,0.2997877309028034
timing__hold__ws__corner:nom_tt_025C_1v80,0.23430902326017222
timing__setup__ws__corner:nom_tt_025C_1v80,9.986575404851164
timing__hold__tns__corner:nom_tt_025C_1v80,0.0
timing__setup__tns__corner:nom_tt_025C_1v80,0.0
timing__hold__wns__corner:nom_tt_025C_1v80,0
timing__setup__wns__corner:nom_tt_025C_1v80,0.0
timing__hold_vio__count__corner:nom_tt_025C_1v80,0
timing__hold_r2r__ws__corner:nom_tt_025C_1v80,0.348495
timing__hold_r2r_vio__count__corner:nom_tt_025C_1v80,0
timing__setup_vio__count__corner:nom_tt_025C_1v80,0
timing__setup_r2r__ws__corner:nom_tt_025C_1v80,Infinity
timing__setup_r2r_vio__count__corner:nom_tt_025C_1v80,0
design__max_slew_violation__count__corner:nom_ss_100C_1v60,0
design__max_fanout_violation__count__corner:nom_ss_100C_1v60,73
design__max_cap_violation__count__corner:nom_ss_100C_1v60,0
clock__skew__worst_hold__corner:nom_ss_100C_1v60,-2.1815549983962828
clock__skew__worst_setup__corner:nom_ss_100C_1v60,0.33398970645591375
timing__hold__ws__corner:nom_ss_100C_1v60,0.12913404044920068
timing__setup__ws__corner:nom_ss_100C_1v60,8.610390866239326
timing__hold__tns__corner:nom_ss_100C_1v60,0.0
timing__setup__tns__corner:nom_ss_100C_1v60,0.0
timing__hold__wns__corner:nom_ss_100C_1v60,0
timing__setup__wns__corner:nom_ss_100C_1v60,0.0
timing__hold_vio__count__corner:nom_ss_100C_1v60,0
timing__hold_r2r__ws__corner:nom_ss_100C_1v60,0.980639
timing__hold_r2r_vio__count__corner:nom_ss_100C_1v60,0
timing__setup_vio__count__corner:nom_ss_100C_1v60,0
timing__setup_r2r__ws__corner:nom_ss_100C_1v60,Infinity
timing__setup_r2r_vio__count__corner:nom_ss_100C_1v60,0
design__max_slew_violation__count__corner:nom_ff_n40C_1v95,0
design__max_fanout_violation__count__corner:nom_ff_n40C_1v95,73
design__max_cap_violation__count__corner:nom_ff_n40C_1v95,0
clock__skew__worst_hold__corner:nom_ff_n40C_1v95,-2.1316011781242983
clock__skew__worst_setup__corner:nom_ff_n40C_1v95,0.2878697084409926
timing__hold__ws__corner:nom_ff_n40C_1v95,0.11032108872025588
timing__setup__ws__corner:nom_ff_n40C_1v95,10.441296123245417
timing__hold__tns__corner:nom_ff_n40C_1v95,0.0
timing__setup__tns__corner:nom_ff_n40C_1v95,0.0
timing__hold__wns__corner:nom_ff_n40C_1v95,0
timing__setup__wns__corner:nom_ff_n40C_1v95,0.0
timing__hold_vio__count__corner:nom_ff_n40C_1v95,0
timing__hold_r2r__ws__corner:nom_ff_n40C_1v95,0.110321
timing__hold_r2r_vio__count__corner:nom_ff_n40C_1v95,0
timing__setup_vio__count__corner:nom_ff_n40C_1v95,0
timing__setup_r2r__ws__corner:nom_ff_n40C_1v95,Infinity
timing__setup_r2r_vio__count__corner:nom_ff_n40C_1v95,0
design__max_slew_violation__count__corner:min_tt_025C_1v80,0
design__max_fanout_violation__count__corner:min_tt_025C_1v80,73
design__max_cap_violation__count__corner:min_tt_025C_1v80,0
clock__skew__worst_hold__corner:min_tt_025C_1v80,-2.1386213405521515
clock__skew__worst_setup__corner:min_tt_025C_1v80,0.2951345640303939
timing__hold__ws__corner:min_tt_025C_1v80,0.24341951365790854
timing__setup__ws__corner:min_tt_025C_1v80,10.015261792261946
timing__hold__tns__corner:min_tt_025C_1v80,0.0
timing__setup__tns__corner:min_tt_025C_1v80,0.0
timing__hold__wns__corner:min_tt_025C_1v80,0
timing__setup__wns__corner:min_tt_025C_1v80,0.0
timing__hold_vio__count__corner:min_tt_025C_1v80,0
timing__hold_r2r__ws__corner:min_tt_025C_1v80,0.346039
timing__hold_r2r_vio__count__corner:min_tt_025C_1v80,0
timing__setup_vio__count__corner:min_tt_025C_1v80,0
timing__setup_r2r__ws__corner:min_tt_025C_1v80,Infinity
timing__setup_r2r_vio__count__corner:min_tt_025C_1v80,0
design__max_slew_violation__count__corner:min_ss_100C_1v60,0
design__max_fanout_violation__count__corner:min_ss_100C_1v60,73
design__max_cap_violation__count__corner:min_ss_100C_1v60,0
clock__skew__worst_hold__corner:min_ss_100C_1v60,-2.1717273039043548
clock__skew__worst_setup__corner:min_ss_100C_1v60,0.32560219331226053
timing__hold__ws__corner:min_ss_100C_1v60,0.13755974526598114
timing__setup__ws__corner:min_ss_100C_1v60,8.66982776776665
timing__hold__tns__corner:min_ss_100C_1v60,0.0
timing__setup__tns__corner:min_ss_100C_1v60,0.0
timing__hold__wns__corner:min_ss_100C_1v60,0
timing__setup__wns__corner:min_ss_100C_1v60,0.0
timing__hold_vio__count__corner:min_ss_100C_1v60,0
timing__hold_r2r__ws__corner:min_ss_100C_1v60,0.979098
timing__hold_r2r_vio__count__corner:min_ss_100C_1v60,0
timing__setup_vio__count__corner:min_ss_100C_1v60,0
timing__setup_r2r__ws__corner:min_ss_100C_1v60,Infinity
timing__setup_r2r_vio__count__corner:min_ss_100C_1v60,0
design__max_slew_violation__count__corner:min_ff_n40C_1v95,0
design__max_fanout_violation__count__corner:min_ff_n40C_1v95,73
design__max_cap_violation__count__corner:min_ff_n40C_1v95,0
clock__skew__worst_hold__corner:min_ff_n40C_1v95,-2.127100777944398
clock__skew__worst_setup__corner:min_ff_n40C_1v95,0.2842246241034532
timing__hold__ws__corner:min_ff_n40C_1v95,0.10874812469448049
timing__setup__ws__corner:min_ff_n40C_1v95,10.454513994861221
timing__hold__tns__corner:min_ff_n40C_1v95,0.0
timing__setup__tns__corner:min_ff_n40C_1v95,0.0
timing__hold__wns__corner:min_ff_n40C_1v95,0
timing__setup__wns__corner:min_ff_n40C_1v95,0.0
timing__hold_vio__count__corner:min_ff_n40C_1v95,0
timing__hold_r2r__ws__corner:min_ff_n40C_1v95,0.108748
timing__hold_r2r_vio__count__corner:min_ff_n40C_1v95,0
timing__setup_vio__count__corner:min_ff_n40C_1v95,0
timing__setup_r2r__ws__corner:min_ff_n40C_1v95,Infinity
timing__setup_r2r_vio__count__corner:min_ff_n40C_1v95,0
design__max_slew_violation__count__corner:max_tt_025C_1v80,1
design__max_fanout_violation__count__corner:max_tt_025C_1v80,73
design__max_cap_violation__count__corner:max_tt_025C_1v80,0
clock__skew__worst_hold__corner:max_tt_025C_1v80,-2.1514763912732473
clock__skew__worst_setup__corner:max_tt_025C_1v80,0.3036291026766479
timing__hold__ws__corner:max_tt_025C_1v80,0.21762725570957187
timing__setup__ws__corner:max_tt_025C_1v80,9.964852336447768
timing__hold__tns__corner:max_tt_025C_1v80,0.0
timing__setup__tns__corner:max_tt_025C_1v80,0.0
timing__hold__wns__corner:max_tt_025C_1v80,0
timing__setup__wns__corner:max_tt_025C_1v80,0.0
timing__hold_vio__count__corner:max_tt_025C_1v80,0
timing__hold_r2r__ws__corner:max_tt_025C_1v80,0.350905
timing__hold_r2r_vio__count__corner:max_tt_025C_1v80,0
timing__setup_vio__count__corner:max_tt_025C_1v80,0
timing__setup_r2r__ws__corner:max_tt_025C_1v80,Infinity
timing__setup_r2r_vio__count__corner:max_tt_025C_1v80,0
design__max_slew_violation__count__corner:max_ss_100C_1v60,1
design__max_fanout_violation__count__corner:max_ss_100C_1v60,73
design__max_cap_violation__count__corner:max_ss_100C_1v60,0
clock__skew__worst_hold__corner:max_ss_100C_1v60,-2.193917554169726
clock__skew__worst_setup__corner:max_ss_100C_1v60,0.34191891952204007
timing__hold__ws__corner:max_ss_100C_1v60,0.1058557715889257
timing__setup__ws__corner:max_ss_100C_1v60,8.558476836139626
timing__hold__tns__corner:max_ss_100C_1v60,0.0
timing__setup__tns__corner:max_ss_100C_1v60,0.0
timing__hold__wns__corner:max_ss_100C_1v60,0
timing__setup__wns__corner:max_ss_100C_1v60,0.0
timing__hold_vio__count__corner:max_ss_100C_1v60,0
timing__hold_r2r__ws__corner:max_ss_100C_1v60,0.984668
timing__hold_r2r_vio__count__corner:max_ss_100C_1v60,0
timing__setup_vio__count__corner:max_ss_100C_1v60,0
timing__setup_r2r__ws__corner:max_ss_100C_1v60,Infinity
timing__setup_r2r_vio__count__corner:max_ss_100C_1v60,0
design__max_slew_violation__count__corner:max_ff_n40C_1v95,1
design__max_fanout_violation__count__corner:max_ff_n40C_1v95,73
design__max_cap_violation__count__corner:max_ff_n40C_1v95,0
clock__skew__worst_hold__corner:max_ff_n40C_1v95,-2.137859727535719
clock__skew__worst_setup__corner:max_ff_n40C_1v95,0.2911266587981458
timing__hold__ws__corner:max_ff_n40C_1v95,0.11136114567913954
timing__setup__ws__corner:max_ff_n40C_1v95,10.434410963941176
timing__hold__tns__corner:max_ff_n40C_1v95,0.0
timing__setup__tns__corner:max_ff_n40C_1v95,0.0
timing__hold__wns__corner:max_ff_n40C_1v95,0
timing__setup__wns__corner:max_ff_n40C_1v95,0.0
timing__hold_vio__count__corner:max_ff_n40C_1v95,0
timing__hold_r2r__ws__corner:max_ff_n40C_1v95,0.111361
timing__hold_r2r_vio__count__corner:max_ff_n40C_1v95,0
timing__setup_vio__count__corner:max_ff_n40C_1v95,0
timing__setup_r2r__ws__corner:max_ff_n40C_1v95,Infinity
timing__setup_r2r_vio__count__corner:max_ff_n40C_1v95,0
design__max_slew_violation__count,1
design__max_fanout_violation__count,73
design__max_cap_violation__count,0
clock__skew__worst_hold,-2.127100777944398
clock__skew__worst_setup,0.2842246241034532
timing__hold__ws,0.1058557715889257
timing__setup__ws,8.558476836139626
timing__hold__tns,0.0
timing__setup__tns,0.0
timing__hold__wns,0
timing__setup__wns,0.0
timing__hold_vio__count,0
timing__hold_r2r__ws,0.108748
timing__hold_r2r_vio__count,0
timing__setup_vio__count,0
timing__setup_r2r__ws,inf
timing__setup_r2r_vio__count,0
design__die__bbox,0.0 0.0 2920.0 3520.0
design__core__bbox,5.52 10.88 2914.1 3508.8
design__io,645
design__die__area,1.02784E+7
design__core__area,1.0174E+7
design__instance__area,780636
design__instance__count__stdcell,0
design__instance__area__stdcell,0
design__instance__count__macros,6
design__instance__area__macros,780636
design__instance__utilization,0.0767287
design__instance__utilization__stdcell,0
design__instance__count__class:macro,6
flow__warnings__count,1
flow__errors__count,0
design__power_grid_violation__count__net:vssa1,0
design__power_grid_violation__count__net:vssd1,0
design__power_grid_violation__count__net:vccd1,0
design__power_grid_violation__count__net:vdda2,0
design__power_grid_violation__count__net:vssa2,0
design__power_grid_violation__count__net:vccd2,0
design__power_grid_violation__count__net:vdda1,0
design__power_grid_violation__count__net:vssd2,0
design__power_grid_violation__count,0
design__instance__displacement__total,0
design__instance__displacement__mean,0
design__instance__displacement__max,0
route__wirelength__estimated,265402
design__violations,0
antenna__violating__nets,46
antenna__violating__pins,46
route__antenna_violation__count,46
route__net,779
route__net__special,8
route__drc_errors__iter:1,391
route__wirelength__iter:1,270687
route__drc_errors__iter:2,31
route__wirelength__iter:2,270306
route__drc_errors__iter:3,7
route__wirelength__iter:3,270314
route__drc_errors__iter:4,3
route__wirelength__iter:4,270320
route__drc_errors__iter:5,0
route__wirelength__iter:5,270326
route__drc_errors,0
route__wirelength,270326
route__vias,1068
route__vias__singlecut,1068
route__vias__multicut,0
design__disconnected_pin__count,39
design__critical_disconnected_pin__count,0
route__wirelength__max,4915.23
timing__unannotated_net__count__corner:nom_tt_025C_1v80,413
timing__unannotated_net_filtered__count__corner:nom_tt_025C_1v80,0
timing__unannotated_net__count__corner:nom_ss_100C_1v60,413
timing__unannotated_net_filtered__count__corner:nom_ss_100C_1v60,0
timing__unannotated_net__count__corner:nom_ff_n40C_1v95,413
timing__unannotated_net_filtered__count__corner:nom_ff_n40C_1v95,0
timing__unannotated_net__count__corner:min_tt_025C_1v80,413
timing__unannotated_net_filtered__count__corner:min_tt_025C_1v80,0
timing__unannotated_net__count__corner:min_ss_100C_1v60,413
timing__unannotated_net_filtered__count__corner:min_ss_100C_1v60,0
timing__unannotated_net__count__corner:min_ff_n40C_1v95,413
timing__unannotated_net_filtered__count__corner:min_ff_n40C_1v95,0
timing__unannotated_net__count__corner:max_tt_025C_1v80,413
timing__unannotated_net_filtered__count__corner:max_tt_025C_1v80,0
timing__unannotated_net__count__corner:max_ss_100C_1v60,413
timing__unannotated_net_filtered__count__corner:max_ss_100C_1v60,0
timing__unannotated_net__count__corner:max_ff_n40C_1v95,413
timing__unannotated_net_filtered__count__corner:max_ff_n40C_1v95,0
timing__unannotated_net__count,413
timing__unannotated_net_filtered__count,0
klayout__drc_error__count,0
magic__illegal_overlap__count,0
design__lvs_device_difference__count,0
design__lvs_net_difference__count,0
design__lvs_property_fail__count,0
design__lvs_error__count,0
design__lvs_unmatched_device__count,0
design__lvs_unmatched_net__count,0
design__lvs_unmatched_pin__count,0
